Date,Eaagads Ltd Ord 1.25 AIMS,Kakuzi Ord.5.00,Limuru Tea Co. Ltd Ord 20.00,Sasini Ltd Ord 1.00,Williamson Tea Kenya Ltd Ord 5.00,Car and General (K) Ltd Ord 5.00,Absa Bank Kenya PLC,BK Group PLC,Diamond Trust Bank Kenya Ltd Ord 4.00,Equity Group Holdings Ord 0.50,HF Group Ltd Ord 5.00,I&M Holdings Ltd Ord 1.00,KCB Group Ltd Ord 1.00,National Bank of Kenya Ltd Ord 5.00,NCBA Group PLC, Stanbic Holdings Plc. ord.5.00,Standard Chartered Bank Ltd Ord 5.00,The Co-operative Bank of Kenya Ltd Ord 1.00,Express Ltd Ord 5.00,Kenya Airways Ltd Ord 5.00,Longhorn Publishers Ltd, Nairobi Business Ventures Ltd,Nation Media Group Ord. 2.50,Sameer Africa PLC Ord 5.00,Scangroup  Ltd Ord 1.00,Standard Group  Ltd Ord 5.00,TPS Eastern Africa (Serena) Ltd Ord 1.00 ,Uchumi Supermarket Ltd Ord 5.00,Athi River Mining Ord 5.00,Bamburi Cement Ltd Ord 5.00,Crown Paints Kenya PLC. 0rd 5.00,E.A.Cables Ltd Ord 0.50,E.A.Portland Cement Ltd Ord 5.00,KenGen Ltd  Ord. 2.50, Kenya Power & Lighting  Co Ltd,Total Kenya Ltd Ord 5.00,Umeme Ltd Ord 0.50,Britam Holdings Ltd Ord 0.10,CIC Insurance Group Ltd Ord 1.00,Jubilee Holdings Ltd Ord 5.00,Kenya Re-Insurance Corporation Ltd Ord 2.50,Liberty Kenya Holdings Ltd,Sanlam Kenya PLC 0rd 5.00,Centum Investment Co Ltd Ord 0.50, Home Afrika Ltd Ord 1.00,Kurwitu Ventures,Olympia Capital Holdings ltd Ord 5.00,Trans-Century Ltd,Nairobi Securities Exchange Ltd Ord 4.00,B.O.C Kenya Ltd Ord 5.00,British American Tobacco Kenya Ltd Ord 10.00,Carbacid Investments Ltd Ord 5.00,East African Breweries Ltd Ord 2.00,Eveready East Africa Ltd Ord.1.00,Flame Tree Group Holdings Ltd Ord 0.825,Kenya Orchards Ltd Ord 5.00,Mumias Sugar Co. Ltd Ord 2.00,Unga Group Ltd Ord 5.00,Safaricom PLC Ord 0.05,Stanlib Fahari I-REIT
" Thursday, 13 May 2021",15.00,360.00,340.00,18.80,146.75,20.50,8.80,26.00,65.00,40.95,4.00,24.30,41.95,4.12,24.65,83.00,132.00,12.45,4.05,3.83,4.48,4.90,15.05,3.59,5.56,18.00,15.60,0.23,5.55,39.25,39.20,1.30,8.00,4.12,1.40,24.00,6.02,7.00,2.20,280.00,2.39,7.98,11.35,15.45,0.42,"1,500.00",2.03,1.18,9.00,64.50,471.00,10.90,172.25,1.09,1.41,10.40,0.27,31.80,39.40,6.10
" Friday, 21 May 2021",15.00,360.00,340.00,18.55,145.00,22.00,9.10,26.00,63.75,41.50,3.62,23.35,41.00,4.12,24.85,81.00,131.50,12.25,4.05,3.83,4.48,5.34,16.65,3.60,5.50,18.10,15.00,0.26,5.55,36.70,39.00,1.35,8.00,4.01,1.39,24.00,6.00,7.26,2.13,280.00,2.36,7.40,11.30,14.90,0.40,"1,500.00",2.00,1.23,8.98,68.25,470.00,10.40,174.00,1.04,1.35,10.40,0.27,28.00,39.50,5.98
" Tuesday, 25 May 2021",15.00,360.00,340.00,18.40,145.00,24.20,9.22,26.00,63.25,42.05,4.00,22.65,42.25,4.12,25.05,82.75,131.75,12.20,4.05,3.83,4.08,5.20,16.85,3.59,5.44,16.65,14.60,0.24,5.55,36.05,40.00,1.18,8.00,3.98,1.38,23.95,5.92,7.10,2.16,278.00,2.32,7.32,11.00,14.85,0.38,"1,500.00",2.00,1.19,8.50,68.50,464.75,10.15,181.00,0.99,1.40,10.40,0.27,28.00,42.75,5.96
" Monday, 19 July 2021",11.00,372.75,290.00,19.20,152.25,31.00,10.00,28.00,69.00,48.55,3.73,21.50,44.75,4.12,25.65,82.75,129.75,13.45,4.40,3.83,3.98,11.05,24.95,3.07,4.94,18.75,15.00,0.26,5.55,38.50,19.80,1.33,7.20,4.36,1.40,24.60,5.82,7.50,2.52,353.75,2.52,8.56,11.30,17.30,0.43,"1,500.00",1.91,1.15,8.82,63.50,445.00,12.00,187.75,1.04,1.32,10.40,0.27,27.10,42.60,6.66
" Tuesday, 27 July 2021",11.50,410.00,280.00,19.95,134.00,35.20,9.74,29.00,66.25,48.50,3.91,22.90,45.00,4.12,26.40,89.75,129.50,13.45,4.03,3.83,3.98,8.36,25.00,3.74,4.51,17.50,14.10,0.25,5.55,38.40,21.90,1.33,8.78,4.46,1.40,24.65,6.48,7.98,2.67,370.50,2.55,9.54,10.65,16.15,0.40,"1,500.00",1.97,1.39,8.72,64.50,469.50,12.05,184.00,1.01,1.33,10.40,0.27,29.00,41.80,6.94
" Tuesday, 03 August 2021",11.80,415.00,304.75,19.95,134.50,35.00,9.82,29.50,65.00,49.00,3.74,22.75,45.95,4.12,26.65,88.50,130.00,13.55,4.14,3.83,3.99,7.32,25.00,3.50,4.55,19.00,13.80,0.25,5.55,37.50,24.95,1.34,8.42,4.24,1.38,24.05,6.46,8.02,3.03,370.00,2.57,8.24,11.60,15.85,0.40,"1,500.00",2.19,1.37,8.94,62.00,450.00,12.00,180.00,0.98,1.31,10.40,0.27,28.30,41.05,6.94
" Wednesday, 04 August 2021",12.00,415.00,320.00,19.95,135.00,35.00,9.76,29.75,64.00,49.10,3.66,22.70,46.20,4.12,26.25,90.00,132.00,13.45,4.14,3.83,4.00,7.16,25.75,3.37,4.50,19.00,14.30,0.25,5.55,38.50,24.95,1.41,8.42,4.19,1.40,24.10,6.40,8.02,3.05,370.00,2.60,8.24,11.60,15.65,0.41,"1,500.00",2.19,1.35,8.62,62.00,455.00,12.00,179.75,0.98,1.30,10.40,0.27,31.00,41.10,6.92
" Thursday, 05 August 2021",12.30,415.00,320.00,20.00,134.50,35.00,9.82,31.85,65.00,49.40,3.71,22.30,46.45,4.12,26.20,90.00,130.00,13.55,4.14,3.83,4.00,6.90,26.10,3.15,4.50,19.00,14.55,0.26,5.55,38.30,25.00,1.44,8.42,4.20,1.38,24.30,6.40,7.94,3.07,370.00,2.68,8.24,11.00,15.65,0.40,"1,500.00",2.18,1.28,8.52,64.50,450.00,12.20,178.50,0.98,1.31,10.40,0.27,31.00,41.25,6.80
" Friday, 06 August 2021",12.15,415.00,300.00,20.00,134.50,35.00,9.80,32.40,65.75,50.00,3.75,22.55,46.75,4.12,26.20,92.50,131.00,13.65,4.50,3.83,4.00,6.96,24.75,3.15,4.46,18.55,13.80,0.27,5.55,38.00,25.95,1.44,9.00,4.21,1.40,24.75,6.40,7.90,3.10,370.00,2.58,9.06,10.80,15.55,0.41,"1,500.00",2.18,1.31,8.48,64.25,454.00,12.25,179.00,0.98,1.32,10.40,0.27,31.00,42.10,6.98
" Monday, 09 August 2021",12.15,415.00,300.00,19.50,134.50,35.00,9.80,32.40,65.75,50.25,3.70,22.50,46.60,4.12,25.85,86.50,131.50,13.65,4.50,3.83,4.00,6.48,24.95,3.37,4.62,20.00,14.00,0.25,5.55,38.00,25.60,1.43,9.00,4.15,1.38,24.95,6.40,7.90,3.18,361.50,2.58,9.28,10.65,15.75,0.41,"1,500.00",2.20,1.36,9.10,68.00,445.50,12.25,179.25,0.96,1.32,10.40,0.27,31.00,42.95,6.78
" Wednesday, 11 August 2021",11.35,415.00,300.00,19.80,134.75,35.00,9.92,35.40,65.00,50.25,3.71,22.55,46.60,4.12,25.45,86.00,131.00,13.75,4.59,3.83,4.00,5.92,24.95,3.46,4.40,20.00,14.95,0.25,5.55,37.95,25.20,1.44,8.66,4.12,1.39,23.90,6.40,7.88,3.10,360.00,2.55,8.38,11.55,15.60,0.39,"1,500.00",2.20,1.38,8.50,67.75,450.50,12.50,179.00,1.01,1.40,10.40,0.27,31.00,42.95,6.76
" Thursday, 12 August 2021",11.30,415.00,300.00,19.95,137.00,31.50,9.76,35.40,65.00,50.25,3.71,22.70,46.90,4.12,25.10,86.00,131.00,13.70,4.20,3.83,4.00,6.06,24.90,3.18,4.40,20.00,14.00,0.24,5.55,38.00,25.50,1.44,8.66,4.13,1.35,23.90,7.00,7.90,3.05,358.75,2.50,8.40,11.15,15.55,0.38,"1,500.00",2.00,1.36,8.24,67.75,452.00,12.00,179.00,0.96,1.35,10.40,0.27,31.00,43.00,7.00
" Friday, 13 August 2021",11.30,415.00,300.00,19.30,130.75,31.50,9.78,38.25,64.50,51.00,3.72,22.75,47.15,4.12,25.40,86.00,130.75,13.80,4.20,3.83,4.00,5.92,25.00,3.17,4.36,20.00,14.00,0.25,5.55,38.15,25.55,1.44,8.66,4.05,1.36,24.50,7.00,8.30,3.15,358.75,2.50,8.40,11.55,15.45,0.36,"1,500.00",1.98,1.35,8.46,67.75,453.00,12.45,179.00,1.00,1.32,10.40,0.27,29.05,43.00,6.90
" Monday, 16 August 2021",11.30,415.00,300.00,19.70,131.00,34.50,9.80,38.55,64.25,51.00,4.00,22.95,48.10,4.12,25.30,86.00,131.00,13.80,4.14,3.83,4.00,5.50,25.00,3.17,4.35,20.00,14.90,0.23,5.55,38.15,25.60,1.45,8.66,4.17,1.40,24.95,6.86,8.22,3.16,358.75,2.51,9.24,11.50,15.55,0.37,"1,500.00",2.00,1.31,8.82,67.75,456.00,12.45,177.00,0.95,1.32,10.40,0.27,29.05,43.60,6.96
" Tuesday, 17 August 2021",12.40,415.00,300.00,19.90,135.00,34.50,10.00,38.55,64.00,53.00,3.90,22.80,49.90,4.12,25.40,94.00,131.00,13.70,4.14,3.83,4.00,5.24,25.10,3.29,4.37,18.00,14.90,0.23,5.55,38.40,25.35,1.42,8.66,4.19,1.39,24.50,6.56,8.04,3.10,359.75,2.48,9.24,11.10,15.50,0.38,"1,500.00",2.00,1.33,9.10,67.75,457.00,12.45,180.00,0.93,1.35,10.40,0.27,29.05,44.90,6.98
" Wednesday, 18 August 2021",13.50,415.00,300.00,19.00,131.00,35.00,10.15,38.55,64.00,54.00,3.90,22.80,49.70,4.12,26.15,92.00,130.25,13.75,4.14,3.83,3.99,4.79,24.95,3.45,4.32,18.00,14.90,0.24,5.55,38.70,25.35,1.42,8.66,4.14,1.39,24.30,6.56,8.38,3.02,360.00,2.46,8.42,11.30,15.55,0.41,"1,500.00",2.20,1.29,9.12,64.50,461.00,11.75,180.00,1.00,1.35,10.40,0.27,30.00,44.20,7.00
" Thursday, 19 August 2021",13.50,382.00,300.00,19.70,131.00,35.00,10.25,38.55,64.00,52.25,3.95,22.90,48.15,4.12,27.05,91.25,134.50,13.70,4.14,3.83,3.99,4.93,25.30,3.48,4.29,19.55,14.40,0.26,5.55,39.00,25.85,1.44,8.66,4.21,1.40,24.50,6.50,8.20,2.83,360.00,2.47,8.38,11.30,15.60,0.41,"1,500.00",2.20,1.24,9.46,64.50,460.00,11.70,180.00,1.07,1.35,10.40,0.27,32.75,43.85,7.00
" Friday, 20 August 2021",14.40,382.00,300.00,20.00,131.00,35.00,10.15,38.55,65.00,52.50,3.98,23.00,47.95,4.12,27.10,94.00,134.75,13.70,4.14,3.83,4.00,5.22,24.95,3.30,4.03,19.55,14.40,0.25,5.55,38.75,26.00,1.42,8.66,4.49,1.39,25.20,6.54,8.28,2.78,360.00,2.47,9.00,11.90,15.75,0.37,"1,500.00",2.20,1.24,9.78,67.75,469.00,11.70,180.00,0.98,1.32,10.40,0.27,32.75,44.45,7.00
" Monday, 23 August 2021",13.25,415.00,300.00,19.95,132.50,35.00,10.30,38.55,65.00,53.00,3.98,22.85,48.00,4.12,26.95,94.25,136.25,13.70,4.14,3.83,3.99,5.24,25.00,3.48,3.99,19.00,14.40,0.25,5.55,38.75,26.00,1.46,8.50,4.58,1.40,26.00,6.64,8.18,2.77,360.00,2.46,8.20,11.30,15.95,0.37,"1,500.00",2.20,1.24,9.64,66.00,469.00,11.75,180.00,0.97,1.30,10.40,0.27,32.75,44.95,7.04
" Tuesday, 24 August 2021",13.25,415.00,300.00,20.00,132.75,35.00,10.55,38.55,66.75,53.00,3.96,22.80,48.15,4.12,27.15,95.00,139.00,13.80,4.14,3.83,3.99,5.28,25.10,3.50,3.97,17.65,15.00,0.24,5.55,39.05,26.00,1.43,8.66,4.74,1.37,25.15,7.20,8.24,2.81,360.75,2.47,8.20,11.30,16.15,0.38,"1,500.00",2.20,1.24,9.44,66.00,466.00,11.60,178.50,0.99,1.32,10.40,0.27,32.75,44.95,7.02
" Wednesday, 25 August 2021",13.25,415.00,300.00,19.85,133.50,35.00,10.55,38.55,65.25,53.00,3.85,22.80,48.25,4.12,26.60,95.00,139.00,13.95,4.14,3.83,3.96,5.12,25.00,3.80,3.88,17.65,14.50,0.24,5.55,38.60,26.45,1.44,8.28,4.89,1.39,25.15,7.10,8.22,2.73,360.00,2.50,8.60,11.30,16.85,0.40,"1,500.00",2.20,1.29,9.48,62.00,467.00,11.85,175.75,0.95,1.32,10.40,0.27,33.15,44.60,7.04
" Thursday, 26 August 2021",13.00,415.00,300.00,19.00,133.50,35.00,10.95,38.55,65.50,54.00,3.79,22.95,48.30,4.12,26.80,95.00,140.00,13.85,3.81,3.83,4.00,4.91,25.10,3.50,3.61,18.35,14.70,0.26,5.55,38.45,26.35,1.44,8.20,4.98,1.39,25.50,7.10,8.08,2.90,360.00,2.51,8.56,11.30,17.05,0.39,"1,500.00",2.09,1.24,9.92,66.00,466.00,11.55,178.00,0.91,1.31,10.40,0.27,33.15,44.45,6.96
" Monday, 30 August 2021",14.00,415.00,300.00,19.85,137.00,35.00,11.00,40.00,65.50,54.00,3.86,23.00,48.65,4.12,27.60,95.25,140.00,13.75,4.60,3.83,4.00,5.22,25.10,3.88,3.57,18.65,15.00,0.25,5.55,37.50,28.50,1.52,7.50,4.68,1.39,25.55,7.00,8.28,2.84,375.00,2.48,8.84,10.45,16.70,0.36,"1,500.00",2.14,1.31,10.10,66.50,466.00,11.60,178.50,0.95,1.35,10.40,0.27,33.00,43.70,6.70
" Tuesday, 31 August 2021",14.00,410.00,320.00,18.70,137.00,33.50,10.95,40.00,65.00,53.25,3.77,23.25,48.50,4.12,28.15,91.00,138.25,13.65,4.60,3.83,4.00,5.34,25.00,3.88,3.60,18.65,15.00,0.25,5.55,37.55,28.05,1.58,7.50,4.71,1.40,25.80,7.00,8.18,2.75,374.00,2.48,8.96,10.50,16.80,0.36,"1,500.00",2.20,1.27,10.15,66.50,460.00,11.50,175.75,0.95,1.35,10.40,0.27,33.00,42.60,6.54
" Wednesday, 01 September 2021",14.00,383.25,320.00,18.50,135.00,33.50,10.90,40.00,65.25,52.50,3.71,23.00,48.00,4.12,28.05,91.00,137.75,13.55,4.55,3.83,4.02,5.74,25.00,3.88,4.06,18.00,14.05,0.25,5.55,37.50,30.10,1.58,7.50,4.83,1.39,25.30,7.00,8.30,2.90,374.00,2.45,8.50,10.50,16.85,0.38,"1,500.00",2.01,1.30,9.68,66.50,456.50,11.45,176.75,0.98,1.35,10.40,0.27,33.00,42.60,6.98
" Thursday, 02 September 2021",14.00,383.25,320.00,18.50,135.00,35.00,10.50,39.95,65.25,51.50,3.69,22.70,47.15,4.12,27.95,94.00,136.50,13.45,4.20,3.83,4.03,6.30,25.10,3.50,4.33,18.05,14.95,0.26,5.55,38.00,31.45,1.60,7.80,4.60,1.38,25.05,7.00,8.30,2.90,365.00,2.48,8.32,10.50,16.85,0.39,"1,500.00",2.10,1.33,9.66,66.50,465.00,11.45,175.75,1.03,1.34,10.40,0.27,33.00,42.45,6.96
" Friday, 03 September 2021",14.00,383.25,320.00,18.70,135.00,35.00,10.55,36.00,65.00,49.90,3.66,22.75,46.80,4.12,27.20,94.00,136.25,13.40,4.20,3.83,3.99,6.88,25.00,3.50,4.63,18.65,14.95,0.26,5.55,38.05,32.90,1.60,8.56,4.73,1.36,25.15,7.00,8.30,2.84,360.00,2.50,8.30,10.50,16.85,0.39,"1,500.00",2.20,1.33,9.76,67.50,461.75,11.50,175.50,1.02,1.33,10.40,0.27,33.00,42.15,6.84
" Monday, 06 September 2021",12.95,383.00,320.00,18.70,142.25,35.00,10.40,36.00,65.00,49.20,3.61,22.50,46.25,4.12,27.05,91.00,135.50,13.55,4.00,3.83,3.99,7.56,25.00,3.63,5.06,18.10,14.95,0.24,5.55,39.75,33.00,1.60,9.40,4.69,1.49,25.05,6.32,8.30,2.77,365.00,2.50,8.28,10.50,16.70,0.38,"1,500.00",2.20,1.33,9.98,65.50,460.50,11.10,171.25,1.01,1.32,10.40,0.27,32.95,42.15,6.90
" Tuesday, 07 September 2021",12.95,383.00,320.00,18.70,142.25,35.00,10.30,36.00,64.50,49.05,3.67,22.60,46.35,4.12,27.10,91.00,135.25,13.45,4.00,3.83,4.00,8.08,25.00,3.48,5.56,18.10,15.00,0.25,5.55,39.80,32.95,1.59,9.00,4.86,1.55,25.15,6.30,8.22,2.76,360.25,2.51,8.00,10.70,16.85,0.38,"1,500.00",2.20,1.40,9.74,67.75,463.75,11.05,175.50,0.96,1.34,10.40,0.27,32.95,41.60,6.90
" Wednesday, 08 September 2021",13.00,385.25,320.00,18.80,142.25,35.00,10.30,35.00,64.75,49.60,3.66,22.50,46.30,4.12,27.40,89.25,135.25,13.45,4.00,3.83,3.99,8.08,25.15,3.48,5.74,18.00,15.45,0.26,5.55,38.60,32.65,1.60,8.54,4.94,1.70,25.20,6.60,8.22,2.80,353.50,2.50,8.20,10.85,16.85,0.39,"1,500.00",2.20,1.38,9.82,69.75,463.00,11.10,175.00,0.96,1.35,10.40,0.27,32.95,42.00,7.02
" Thursday, 09 September 2021",12.85,385.25,320.00,19.50,134.00,33.50,10.30,32.65,64.25,49.85,3.73,22.50,46.30,4.12,27.65,90.50,135.00,13.35,4.00,3.83,4.00,7.42,25.50,3.80,5.46,18.00,15.45,0.26,5.55,38.95,32.40,1.60,8.58,4.95,1.62,25.25,6.90,8.32,2.81,358.00,2.52,8.04,9.92,16.85,0.40,"1,500.00",2.01,1.38,9.78,68.50,460.00,11.10,175.00,0.94,1.35,10.40,0.27,32.95,42.50,7.18
" Friday, 10 September 2021",13.80,385.25,320.00,20.15,134.00,33.50,10.40,29.80,64.00,51.00,3.79,22.50,46.60,4.12,27.65,89.25,135.00,13.40,4.40,3.83,4.00,6.82,25.55,3.54,5.56,18.00,14.95,0.26,5.55,38.15,32.25,1.59,8.58,4.98,1.58,25.70,6.66,8.34,2.80,359.25,2.52,7.64,9.92,16.95,0.39,"1,500.00",2.01,1.38,9.72,74.50,462.00,11.00,175.00,0.92,1.35,10.40,0.27,32.95,42.50,7.16
" Monday, 13 September 2021",13.45,385.25,320.00,20.45,141.25,32.60,10.45,30.00,65.00,52.00,3.81,22.50,46.80,4.12,28.00,90.75,135.00,13.40,4.40,3.83,4.00,6.18,25.60,3.85,5.36,18.00,15.00,0.25,5.55,37.10,32.05,1.58,8.58,4.96,1.61,25.65,7.16,8.30,2.82,360.00,2.52,8.34,9.92,17.00,0.39,"1,500.00",2.02,1.38,9.36,75.00,461.00,11.00,174.75,0.96,1.33,10.40,0.27,32.95,42.40,7.20
" Tuesday, 14 September 2021",13.45,385.25,320.00,20.75,140.00,32.60,10.60,29.05,63.25,51.50,3.87,22.60,46.75,4.12,28.00,91.00,135.00,13.35,4.40,3.83,4.00,5.90,25.45,3.73,5.40,17.70,15.00,0.24,5.55,37.15,32.00,1.48,8.60,4.93,1.62,25.55,7.00,8.32,2.85,360.00,2.60,8.30,10.70,17.10,0.40,"1,500.00",2.10,1.32,9.10,74.25,455.50,11.00,175.00,0.94,1.35,10.40,0.27,32.95,42.45,7.12
" Wednesday, 15 September 2021",13.45,385.25,350.00,20.35,140.00,32.60,10.60,28.00,63.50,51.00,3.90,22.95,46.85,4.12,27.75,91.00,134.25,13.05,4.40,3.83,4.00,5.98,25.60,3.51,5.38,16.05,15.00,0.22,5.55,37.25,32.00,1.55,8.70,4.67,1.60,25.50,7.00,8.34,2.82,360.00,2.60,8.26,11.00,17.05,0.40,"1,500.00",2.17,1.34,9.00,74.25,451.00,11.15,175.00,1.02,1.34,10.40,0.27,32.95,42.45,7.04
" Thursday, 16 September 2021",13.45,385.25,350.00,20.30,140.00,32.60,10.45,28.00,63.25,52.00,4.00,22.80,46.95,4.12,27.65,91.00,131.00,13.10,4.40,3.83,4.00,6.32,25.20,3.44,5.22,16.05,15.00,0.21,5.55,37.95,31.65,1.57,8.52,4.82,1.70,25.50,7.00,8.30,2.79,360.00,2.53,7.72,11.45,17.00,0.40,"1,500.00",2.02,1.35,9.26,74.25,455.00,11.35,175.00,1.01,1.31,10.40,0.27,32.95,42.65,6.90
" Friday, 17 September 2021",13.45,385.25,320.00,20.15,140.00,32.60,10.35,28.45,62.75,53.25,3.92,22.65,48.55,4.12,27.65,91.00,134.50,13.50,4.40,3.83,4.14,6.46,25.10,3.44,5.20,16.05,15.50,0.22,5.55,37.55,32.00,1.59,8.48,4.85,1.70,25.50,7.00,8.32,2.71,350.25,2.53,8.00,11.50,17.00,0.40,"1,500.00",2.00,1.37,9.26,74.25,450.00,11.55,176.00,1.01,1.35,10.40,0.27,32.95,43.20,7.02
" Monday, 20 September 2021",14.00,385.25,320.00,19.65,140.00,31.00,10.35,28.00,63.25,53.00,3.84,22.65,48.35,4.12,27.85,91.00,133.25,13.25,4.40,3.83,4.03,6.40,25.00,3.40,5.12,16.05,15.00,0.22,5.55,37.45,32.00,1.60,8.40,4.80,1.68,24.05,7.00,8.24,2.74,350.00,2.50,8.30,11.50,17.00,0.40,"1,500.00",2.00,1.37,9.82,74.25,449.25,11.85,175.00,0.97,1.35,10.40,0.27,32.95,42.90,7.00
" Tuesday, 21 September 2021",13.00,385.25,320.00,19.90,134.00,31.00,10.50,28.00,64.00,51.75,3.93,22.65,47.95,4.12,26.95,91.00,130.50,13.30,4.61,3.83,4.30,6.78,25.05,3.27,5.20,17.45,16.00,0.23,5.55,37.20,32.00,1.53,8.44,4.74,1.68,25.35,6.60,8.22,2.69,347.00,2.50,8.12,11.50,17.00,0.40,"1,500.00",2.00,1.40,9.12,74.25,445.75,11.45,174.00,1.02,1.35,10.40,0.27,30.00,41.80,7.00
" Wednesday, 22 September 2021",13.00,385.25,320.00,19.95,134.00,31.00,10.50,27.85,64.00,51.25,3.99,22.90,47.05,4.12,27.85,91.00,130.25,13.55,4.61,3.83,4.00,6.90,25.05,3.21,5.40,17.45,16.00,0.24,5.55,36.85,32.00,1.55,8.26,4.75,1.68,24.50,6.86,8.16,2.68,350.00,2.50,8.04,11.75,17.05,0.40,"1,500.00",2.00,1.30,9.08,72.75,445.00,11.90,173.25,0.98,1.35,10.40,0.27,30.00,41.85,7.00
" Thursday, 23 September 2021",13.00,385.25,320.00,20.00,138.00,31.00,10.60,27.95,64.00,50.75,3.96,22.60,47.20,4.12,28.00,92.00,130.75,13.20,4.50,3.83,4.20,7.32,25.20,3.34,5.38,17.45,16.00,0.22,5.55,37.85,29.75,1.56,7.66,4.76,1.69,24.85,6.86,8.08,2.69,350.00,2.50,8.14,11.75,17.00,0.40,"1,500.00",2.00,1.30,9.12,72.75,445.50,11.50,173.50,0.97,1.35,10.40,0.27,30.00,41.95,6.94
" Friday, 24 September 2021",12.80,390.00,320.00,20.10,138.00,31.00,10.55,27.90,63.50,50.50,4.08,23.00,47.10,4.12,27.05,92.00,130.00,13.20,4.50,3.83,4.05,7.16,25.00,3.50,5.40,17.45,15.35,0.22,5.55,38.00,26.80,1.56,7.90,4.70,1.71,24.75,6.78,8.08,2.73,368.75,2.50,8.14,11.90,17.05,0.39,"1,500.00",2.00,1.35,9.10,71.00,446.00,12.00,173.50,1.05,1.33,10.40,0.27,30.00,41.80,6.98
" Monday, 27 September 2021",13.90,390.00,320.00,20.25,140.00,31.00,10.60,28.35,63.75,50.50,3.98,22.80,47.00,4.12,27.40,92.00,130.00,13.25,4.50,3.83,4.20,6.54,25.05,3.32,5.58,17.45,15.80,0.23,5.55,37.75,26.85,1.54,7.90,4.71,1.70,24.75,6.78,8.14,2.82,368.75,2.50,7.76,11.90,17.35,0.38,"1,500.00",2.00,1.40,9.80,72.25,447.00,12.00,174.00,1.09,1.35,10.40,0.27,30.00,41.85,6.90
" Tuesday, 28 September 2021",13.80,390.00,320.00,20.20,139.25,34.00,10.55,28.00,63.50,50.75,3.87,22.80,46.90,4.12,26.70,92.00,129.75,13.10,4.50,3.83,4.19,6.54,24.65,3.50,5.54,17.45,15.35,0.24,5.55,37.90,27.00,1.55,8.20,4.70,1.71,25.40,7.00,8.16,2.93,368.75,2.50,8.02,12.00,17.50,0.40,"1,500.00",2.00,1.40,9.66,72.25,445.75,11.45,174.00,1.04,1.35,10.40,0.27,30.00,41.55,6.86
" Wednesday, 29 September 2021",13.00,390.00,300.00,20.05,139.25,34.00,10.55,28.00,62.25,50.75,3.85,22.80,46.70,4.12,25.75,92.00,129.75,13.05,4.50,3.83,4.00,6.38,24.35,3.42,5.54,17.40,15.35,0.24,5.55,37.55,27.15,1.55,8.20,4.65,1.72,25.40,7.00,8.12,2.99,350.00,2.50,8.02,11.50,17.45,0.40,"1,500.00",1.88,1.39,9.04,72.25,446.00,11.95,172.00,1.09,1.34,10.40,0.27,30.00,41.65,6.78
" Friday, 01 October 2021",13.90,384.50,300.00,20.00,140.00,35.00,10.50,28.00,63.50,50.50,3.96,22.75,46.75,4.12,26.00,92.00,130.75,13.40,4.39,3.83,4.00,6.88,23.00,3.42,4.99,17.40,16.00,0.24,5.55,37.85,28.10,1.58,8.20,4.70,1.74,25.60,7.00,8.08,2.96,350.00,2.50,8.12,11.50,17.85,0.40,"1,500.00",2.00,1.27,9.88,68.00,451.00,11.85,172.00,1.22,1.33,10.40,0.27,30.00,43.20,6.90
" Monday, 04 October 2021",13.90,384.50,300.00,19.10,139.25,36.00,10.40,30.75,63.25,50.00,3.87,22.40,46.60,4.12,25.95,88.00,130.50,13.45,4.39,3.83,4.01,6.80,22.50,3.26,5.00,17.40,16.00,0.23,5.55,37.40,30.90,1.51,7.90,4.71,1.84,25.50,6.62,8.06,2.88,350.00,2.50,8.00,11.50,17.75,0.40,"1,500.00",1.95,1.32,9.46,71.50,448.75,11.50,170.25,1.18,1.34,10.40,0.27,30.00,43.60,6.92
" Tuesday, 05 October 2021",14.00,384.50,300.00,19.95,139.50,36.00,10.25,30.10,63.00,49.90,3.84,22.40,45.20,4.12,25.75,92.00,131.25,13.35,4.21,3.83,4.20,6.32,22.45,3.25,5.10,17.40,16.00,0.22,5.55,37.00,31.85,1.49,7.90,4.74,1.82,25.30,6.60,8.06,2.82,350.25,2.48,7.94,11.50,17.50,0.40,"1,500.00",2.00,1.33,9.04,71.50,449.50,11.55,166.50,1.14,1.31,10.40,0.27,30.00,42.95,6.76
" Wednesday, 06 October 2021",13.00,384.50,300.00,19.10,135.00,36.00,10.30,28.00,63.00,49.45,3.88,22.00,45.50,4.12,25.55,92.00,131.00,13.30,4.40,3.83,4.05,6.90,22.55,3.39,5.02,16.10,16.50,0.22,5.55,36.05,32.00,1.50,7.90,4.80,1.78,25.25,6.62,8.06,2.83,350.25,2.50,7.86,12.00,17.50,0.40,"1,500.00",2.00,1.39,9.70,71.50,450.00,11.45,166.75,1.18,1.31,10.40,0.27,30.00,42.95,6.96
" Thursday, 07 October 2021",13.00,384.50,300.00,19.10,137.50,36.00,10.25,28.00,62.25,49.30,3.83,22.00,45.90,4.12,25.20,93.50,130.00,13.20,4.40,3.83,4.05,6.32,22.35,3.41,5.00,16.10,16.50,0.23,5.55,36.90,32.00,1.55,7.90,4.66,1.77,25.25,6.70,7.94,2.74,350.00,2.48,7.86,11.55,17.50,0.39,"1,500.00",1.92,1.40,9.16,71.50,448.00,11.50,165.00,1.15,1.32,10.40,0.27,29.60,42.35,6.84
" Friday, 08 October 2021",13.00,384.50,300.00,19.00,135.00,36.00,10.25,30.00,60.50,49.35,3.69,21.80,46.10,4.12,25.25,86.25,129.25,13.15,4.40,3.83,4.11,5.80,22.35,3.14,4.93,16.10,16.50,0.23,5.55,37.05,30.65,1.52,7.90,4.78,1.79,25.25,6.64,8.08,2.81,350.00,2.50,7.80,11.90,17.40,0.40,"1,500.00",1.95,1.40,9.12,70.50,445.50,11.65,164.75,1.14,1.35,10.40,0.27,29.60,41.65,6.62
" Tuesday, 12 October 2021",12.00,384.50,300.00,19.85,135.00,36.00,10.15,30.00,60.25,49.50,3.70,21.55,45.80,4.12,25.05,86.25,129.00,13.10,4.40,3.83,3.99,6.32,22.45,3.14,4.95,16.10,16.50,0.24,5.55,36.30,30.00,1.52,8.20,4.70,1.77,24.65,6.80,7.64,2.81,350.00,2.50,7.80,12.00,17.20,0.40,"1,500.00",1.95,1.40,9.30,70.00,445.00,11.80,164.75,1.05,1.35,10.40,0.27,30.00,41.85,6.50
" Thursday, 14 October 2021",13.00,384.50,330.00,19.10,134.50,36.00,10.25,28.20,60.00,49.25,3.74,21.60,45.05,4.12,25.70,86.25,129.25,13.05,4.40,3.83,3.97,5.94,22.00,3.11,4.90,16.90,15.45,0.24,5.55,37.00,30.00,1.50,8.10,4.53,1.77,24.65,6.48,7.56,2.79,340.00,2.46,7.78,11.95,17.50,0.38,"1,500.00",1.91,1.29,9.04,70.00,439.75,11.75,163.00,1.09,1.35,10.40,0.27,30.00,42.45,6.50
" Friday, 15 October 2021",13.00,384.50,330.00,19.05,130.75,36.00,10.15,28.20,59.50,49.50,3.71,21.50,45.10,4.12,25.75,86.00,128.25,13.00,4.40,3.83,3.95,5.94,22.15,3.15,4.91,16.90,16.00,0.23,5.55,37.00,30.00,1.48,8.10,4.57,1.70,24.45,6.66,7.64,2.69,348.50,2.46,7.78,11.95,17.50,0.39,"1,500.00",2.00,1.40,9.00,70.00,435.50,11.70,164.75,1.09,1.33,10.40,0.27,30.00,43.10,6.54
" Monday, 18 October 2021",13.00,384.50,330.00,20.00,130.75,36.00,10.10,28.00,58.25,49.85,3.72,21.55,44.80,4.12,25.55,86.00,129.00,12.85,4.40,3.83,3.96,6.36,21.75,3.01,4.90,16.90,16.00,0.23,5.55,37.65,30.80,1.50,8.10,4.79,1.68,24.30,6.66,7.66,2.69,350.00,2.45,8.00,11.50,17.50,0.37,"1,500.00",1.98,1.40,8.54,70.00,430.00,11.20,164.75,1.04,1.33,10.40,0.27,30.00,42.90,6.52
" Thursday, 21 October 2021",13.20,384.50,330.00,20.25,131.00,36.00,10.05,27.50,58.00,49.50,3.85,21.50,44.45,4.12,25.10,90.00,129.50,12.70,4.31,3.83,3.97,5.54,21.75,3.14,4.58,16.10,16.50,0.22,5.55,37.00,30.60,1.48,7.82,4.76,1.70,24.25,6.90,7.54,2.65,350.00,2.45,7.80,11.50,17.50,0.39,"1,500.00",2.00,1.37,8.94,70.00,437.50,11.25,170.00,1.00,1.35,10.40,0.27,30.00,42.50,6.98
" Friday, 22 October 2021",13.20,384.50,330.00,21.00,130.75,36.00,10.05,28.00,58.25,49.95,3.76,21.50,44.20,4.12,25.00,90.00,129.25,12.75,3.88,3.83,3.95,5.06,21.75,3.02,4.59,15.30,16.45,0.22,5.55,37.00,30.90,1.44,7.62,4.72,1.69,24.30,6.84,7.50,2.63,350.00,2.45,7.76,11.65,17.50,0.39,"1,500.00",2.00,1.38,8.98,70.00,435.50,11.20,169.25,0.90,1.35,10.40,0.27,30.00,42.95,6.98
" Monday, 25 October 2021",12.75,384.50,330.00,19.80,130.75,36.00,10.10,27.50,58.75,49.50,3.69,21.50,44.00,4.12,24.85,90.00,129.50,12.60,3.88,3.83,3.95,4.84,20.20,3.15,4.88,15.00,16.60,0.22,5.55,36.85,30.75,1.34,8.00,4.73,1.65,24.55,6.52,7.54,2.65,350.00,2.46,7.80,11.60,17.50,0.37,"1,500.00",2.00,1.27,8.22,70.00,436.25,11.40,167.00,0.98,1.35,10.40,0.27,30.00,42.35,6.78
" Tuesday, 26 October 2021",12.75,384.50,330.00,19.00,130.75,35.00,10.10,27.50,59.75,49.90,3.75,21.50,43.95,4.12,24.65,90.00,129.25,12.55,3.50,3.83,3.74,5.00,21.25,3.00,4.80,14.75,16.95,0.23,5.55,36.30,30.50,1.34,8.00,4.73,1.65,24.55,6.32,7.56,2.60,350.00,2.43,7.50,11.50,17.55,0.40,"1,500.00",1.91,1.26,8.32,64.50,435.00,11.50,166.00,1.04,1.35,10.40,0.27,30.00,42.05,6.58
" Wednesday, 27 October 2021",12.45,385.00,330.00,19.50,132.00,35.00,10.15,27.50,58.75,49.90,3.75,21.50,44.00,4.12,24.55,93.50,129.50,12.55,3.79,3.83,3.82,5.40,21.25,3.01,4.85,15.00,15.80,0.23,5.55,36.50,30.70,1.33,7.80,4.75,1.69,24.45,6.60,7.72,2.48,350.00,2.40,8.00,11.50,17.50,0.39,"1,500.00",1.85,1.26,8.46,70.00,432.50,11.55,166.00,1.00,1.35,10.40,0.27,30.00,42.00,6.88
" Friday, 29 October 2021",12.00,385.00,330.00,19.95,138.00,36.00,10.25,29.00,58.75,49.70,3.81,21.45,43.95,4.12,24.10,94.00,130.00,12.50,4.00,3.83,3.91,5.04,20.70,3.04,4.79,15.00,16.00,0.23,5.55,36.65,32.00,1.28,7.80,4.69,1.72,24.70,6.64,7.96,2.56,360.00,2.42,8.00,11.50,17.75,0.40,"1,500.00",2.00,1.35,8.80,70.00,430.00,11.50,166.00,1.00,1.35,10.40,0.27,30.00,42.80,6.72
" Monday, 01 November 2021",12.45,415.00,300.00,20.00,138.00,36.00,10.10,29.00,57.25,49.75,3.99,21.75,43.95,4.12,24.10,92.75,129.25,12.65,4.19,3.83,3.96,5.34,21.05,2.86,4.73,15.00,16.00,0.23,5.55,36.75,32.00,1.25,8.10,4.57,2.02,24.25,6.88,8.00,2.48,360.00,2.40,8.00,11.70,17.60,0.40,"1,500.00",2.00,1.32,9.18,70.00,430.00,11.80,165.75,1.01,1.35,10.40,0.27,30.00,41.95,7.04
" Tuesday, 02 November 2021",12.40,385.00,300.00,19.05,138.00,36.00,10.10,28.75,57.50,50.00,3.80,21.90,43.85,4.12,24.10,87.00,129.00,12.50,4.19,3.83,3.93,5.12,21.50,3.00,4.85,15.00,15.50,0.22,5.55,36.15,32.75,1.30,8.00,4.71,1.98,24.45,6.98,7.76,2.44,350.00,2.39,8.06,11.70,17.75,0.38,"1,500.00",1.94,1.31,8.48,64.50,430.00,12.30,167.00,1.00,1.34,10.40,0.27,28.50,41.65,7.04
" Wednesday, 03 November 2021",13.55,385.00,300.00,20.00,138.00,36.00,10.15,28.75,57.00,50.00,3.72,21.85,43.55,4.12,24.50,95.00,130.00,12.50,4.19,3.83,3.77,4.93,21.50,3.00,4.89,15.00,15.50,0.22,5.55,36.05,32.00,1.30,8.00,4.72,1.94,24.35,6.98,7.72,2.45,350.00,2.40,8.00,12.00,17.65,0.37,"1,500.00",2.00,1.30,8.54,70.00,430.00,13.25,169.25,1.04,1.33,10.40,0.27,28.50,41.60,7.06
" Thursday, 04 November 2021",13.00,385.00,300.00,20.00,138.00,36.00,10.30,28.75,57.00,50.00,3.81,21.70,43.50,4.12,24.45,87.00,129.75,12.50,4.22,3.83,3.71,4.83,21.20,3.00,4.90,16.00,16.00,0.22,5.55,36.75,32.00,1.30,8.00,4.72,1.91,24.60,6.90,7.70,2.43,350.00,2.39,7.50,11.50,17.70,0.40,"1,500.00",1.92,1.30,8.38,70.00,429.50,13.10,169.00,0.97,1.23,10.40,0.27,28.50,41.05,7.10
" Monday, 08 November 2021",14.00,385.00,300.00,19.90,138.00,36.00,10.25,26.50,57.50,50.25,4.16,21.85,44.00,4.12,24.15,87.00,129.50,12.40,3.80,3.83,3.91,4.97,20.00,2.97,5.00,16.00,16.00,0.22,5.55,36.05,32.00,1.38,8.00,4.61,1.90,24.80,6.30,7.54,2.38,345.25,2.32,6.80,12.40,17.65,0.40,"1,500.00",1.97,1.30,8.20,66.25,430.00,13.05,165.25,0.96,1.35,10.40,0.27,28.50,40.05,7.00
" Tuesday, 09 November 2021",14.00,385.00,300.00,19.00,134.00,36.00,10.40,27.00,60.00,51.75,4.17,21.80,44.40,4.12,24.15,87.00,129.25,12.40,3.80,3.83,3.91,4.98,20.00,2.81,4.54,16.00,16.00,0.22,5.55,35.50,33.60,1.28,8.00,4.52,1.90,24.80,6.40,7.54,2.36,345.25,2.33,7.00,12.50,17.70,0.39,"1,500.00",1.97,1.30,8.40,68.75,428.25,13.05,165.00,0.95,1.35,10.40,0.27,28.50,40.10,7.06
" Wednesday, 10 November 2021",14.00,385.00,300.00,19.00,134.00,36.00,10.30,28.50,57.75,53.25,4.24,22.25,44.65,4.12,24.05,87.25,129.50,12.35,3.80,3.83,3.95,4.96,20.00,2.99,4.60,16.00,16.85,0.22,5.55,35.15,32.70,1.25,8.00,4.60,1.88,24.95,6.30,7.52,2.41,345.25,2.32,7.00,12.50,17.50,0.40,"1,500.00",2.00,1.30,8.42,69.00,429.50,13.00,164.00,0.89,1.35,10.40,0.27,28.50,40.50,6.94
" Thursday, 11 November 2021",12.70,415.00,300.00,18.45,134.00,36.00,10.30,27.85,58.00,53.00,4.23,21.90,44.65,4.12,24.00,94.00,129.25,12.45,3.50,3.83,3.78,5.14,20.00,2.99,4.57,16.00,16.55,0.21,5.55,35.60,30.75,1.22,8.00,4.60,1.88,24.75,6.38,7.52,2.41,340.00,2.30,7.38,11.50,15.95,0.37,"1,500.00",2.00,1.17,8.44,70.00,429.00,13.00,162.75,0.85,1.30,10.40,0.27,28.50,40.50,6.98
" Friday, 12 November 2021",13.90,415.00,300.00,18.10,134.00,32.95,10.20,28.50,58.00,52.50,4.15,21.95,44.50,4.12,23.95,94.00,130.50,12.55,3.50,3.83,3.93,5.32,20.00,2.99,4.54,16.00,16.20,0.21,5.55,35.40,31.60,1.29,8.00,4.53,1.84,24.65,6.40,7.50,2.39,340.00,2.33,7.02,11.50,15.15,0.37,"1,500.00",2.00,1.17,8.38,70.00,429.00,13.00,162.25,0.85,1.33,10.40,0.27,28.50,40.20,6.98
" Tuesday, 16 November 2021",13.90,385.00,300.00,18.25,133.75,32.90,10.35,26.90,57.50,51.50,4.51,21.55,44.55,4.12,23.75,94.00,130.50,12.50,3.54,3.83,3.92,4.92,20.00,2.71,4.41,14.45,16.20,0.22,5.55,36.50,30.50,1.28,8.00,4.58,1.78,24.55,6.40,7.40,2.31,340.00,2.27,7.00,11.50,15.55,0.38,"1,500.00",1.93,1.30,8.24,68.00,428.25,13.05,160.25,0.89,1.35,10.40,0.27,28.50,40.05,6.54
" Wednesday, 17 November 2021",13.90,385.00,300.00,18.00,133.75,32.90,10.35,26.90,57.25,51.50,4.49,21.65,44.55,4.12,23.75,90.50,129.75,12.45,3.54,3.83,3.90,4.45,20.15,2.71,4.38,14.45,15.60,0.22,5.55,35.35,30.50,1.29,7.20,4.56,1.78,24.50,6.80,7.22,2.32,328.00,2.26,7.50,11.50,15.35,0.38,"1,500.00",1.82,1.19,8.50,68.00,428.75,13.15,158.50,0.93,1.30,10.40,0.27,28.50,39.85,6.70
" Thursday, 18 November 2021",13.90,385.00,297.00,18.00,137.50,32.90,10.45,26.90,57.50,52.00,4.78,21.50,45.30,4.12,23.65,90.75,129.00,12.45,3.80,3.83,3.98,4.10,20.00,2.71,4.31,14.70,15.60,0.23,5.55,35.65,30.50,1.28,7.20,4.51,1.76,24.50,6.80,7.02,2.26,328.00,2.23,7.50,11.50,15.05,0.38,"1,500.00",1.99,1.19,8.22,68.00,428.75,12.95,158.75,0.98,1.30,10.40,0.27,28.50,39.70,6.70
" Friday, 19 November 2021",13.90,385.00,297.00,18.65,134.00,35.50,10.50,26.90,57.00,52.00,4.90,21.45,45.90,4.12,23.75,91.75,128.75,12.30,3.80,3.83,3.98,3.81,20.00,2.85,4.26,15.50,15.60,0.24,5.55,36.00,30.50,1.30,7.20,4.60,1.71,24.40,6.80,7.24,2.30,328.00,2.27,7.46,11.50,15.05,0.40,"1,500.00",2.00,1.18,8.32,68.00,426.50,13.00,157.00,0.89,1.31,10.40,0.27,28.50,39.25,6.84
" Monday, 22 November 2021",13.90,385.00,300.00,18.00,134.00,35.50,10.45,26.40,57.00,52.00,4.85,21.00,44.95,4.12,23.50,91.75,128.50,12.45,3.80,3.83,4.00,4.18,19.15,2.61,4.11,15.30,15.75,0.23,5.55,35.55,30.50,1.29,7.20,4.48,1.73,24.35,6.90,7.26,2.27,328.00,2.26,7.04,11.50,15.00,0.40,"1,500.00",2.00,1.20,8.20,70.00,423.75,13.00,158.00,0.88,1.33,10.40,0.27,28.50,37.95,6.96
" Tuesday, 23 November 2021",14.00,385.00,300.00,18.00,130.50,35.50,10.75,28.00,57.00,51.75,4.70,21.25,44.70,4.12,23.55,91.75,128.50,12.35,3.80,3.83,4.04,4.57,19.50,2.87,4.25,14.85,15.45,0.23,5.55,35.55,30.50,1.27,7.20,4.34,1.75,24.40,6.50,7.14,2.15,340.00,2.26,6.78,11.50,15.10,0.39,"1,500.00",1.82,1.30,8.24,68.75,424.00,13.00,157.50,0.88,1.30,10.40,0.27,28.50,37.55,6.88
" Wednesday, 24 November 2021",14.00,423.50,300.00,18.00,131.75,35.50,10.90,27.00,55.75,51.50,4.46,21.15,44.00,4.12,23.10,91.75,128.00,12.30,4.05,3.83,4.00,5.00,19.35,2.65,4.22,14.85,15.00,0.22,5.55,35.25,30.50,1.20,7.60,4.43,1.74,24.45,6.50,7.00,2.00,340.00,2.26,6.74,11.40,14.90,0.39,"1,500.00",2.00,1.30,8.30,68.75,424.00,13.10,155.00,0.85,1.28,10.40,0.27,28.50,36.95,6.80
" Thursday, 25 November 2021",14.00,423.50,300.00,18.00,131.75,35.50,10.90,27.00,56.25,51.50,4.14,21.15,44.00,4.12,23.25,93.00,127.75,12.30,3.80,3.83,3.97,5.30,18.65,2.63,4.24,15.00,15.00,0.22,5.55,35.25,30.50,1.29,7.60,4.45,1.76,24.25,6.90,7.46,2.18,349.00,2.29,6.80,11.00,14.55,0.38,"1,500.00",1.95,1.30,8.28,67.25,424.00,12.90,153.50,0.85,1.30,10.40,0.27,28.50,37.00,6.60
" Friday, 26 November 2021",14.00,423.50,300.00,18.10,131.00,35.50,10.95,26.60,57.00,51.50,4.32,20.90,43.85,4.12,23.50,91.00,127.50,12.35,3.80,3.83,3.93,5.68,18.85,2.65,4.24,14.85,15.00,0.23,5.55,35.60,30.50,1.29,7.60,4.40,1.79,24.50,6.90,7.42,2.30,340.00,2.36,6.80,11.00,14.95,0.39,"1,500.00",2.00,1.23,8.42,70.00,434.00,12.90,154.00,0.88,1.35,10.40,0.27,27.55,38.00,6.68
" Monday, 29 November 2021",12.90,423.50,300.00,18.20,131.00,32.45,11.25,26.60,56.50,50.25,4.33,21.00,43.55,4.12,24.20,92.25,128.25,12.30,3.80,3.83,3.90,6.10,18.70,2.68,4.16,14.90,14.20,0.21,5.55,35.15,30.50,1.29,7.00,4.38,1.76,24.25,6.90,7.50,2.29,345.00,2.31,6.80,11.85,15.45,0.40,"1,500.00",1.98,1.24,8.70,70.00,430.00,11.65,154.50,0.92,1.30,10.40,0.27,27.55,38.05,6.70
" Tuesday, 30 November 2021",12.70,423.50,300.00,18.20,130.25,32.45,11.05,26.60,56.00,49.00,4.21,20.80,43.40,4.12,24.70,92.25,128.25,12.20,3.80,3.83,3.91,6.00,18.15,2.68,4.01,15.00,14.20,0.23,5.55,35.25,30.50,1.29,7.00,4.42,1.75,24.25,6.90,7.20,2.24,340.00,2.33,6.56,11.50,15.05,0.40,"1,500.00",1.81,1.31,8.64,70.00,430.25,11.20,153.00,0.86,1.30,10.40,0.27,27.55,37.95,6.72
" Wednesday, 01 December 2021",12.80,423.50,300.00,19.00,129.00,35.50,10.90,26.60,54.75,48.25,4.20,20.90,42.25,4.12,24.60,91.75,129.00,12.05,3.80,3.83,3.90,5.98,18.80,2.74,4.02,13.55,15.40,0.23,5.55,35.50,30.50,1.24,7.04,4.42,1.75,23.75,6.90,7.20,2.19,340.00,2.33,6.74,11.50,15.05,0.39,"1,500.00",1.99,1.26,8.66,70.00,430.00,11.00,152.00,0.92,1.28,10.40,0.27,27.55,37.90,6.54
" Thursday, 02 December 2021",13.95,423.50,300.00,19.00,129.25,31.95,10.80,27.00,55.50,47.35,4.17,20.75,41.10,4.12,24.25,90.75,129.00,11.80,3.80,3.83,3.64,5.98,17.95,2.89,4.07,13.50,15.40,0.24,5.55,35.45,30.50,1.24,7.00,4.04,1.75,24.05,6.90,7.14,2.08,340.00,2.37,6.52,11.50,14.80,0.40,"1,500.00",1.99,1.26,8.68,70.00,428.50,11.15,149.75,0.94,1.28,10.40,0.27,27.55,37.90,6.70
" Friday, 03 December 2021",13.95,423.50,300.00,19.00,129.25,35.00,11.05,27.00,55.25,46.60,4.10,20.60,41.15,4.12,24.00,90.50,129.00,11.80,4.17,3.83,3.90,5.88,18.35,2.77,4.07,14.65,15.40,0.22,5.55,35.05,30.60,1.25,7.00,4.34,1.74,25.00,6.90,6.94,2.16,339.75,2.32,6.98,11.50,14.35,0.40,"1,500.00",1.99,1.30,8.58,70.00,427.00,11.05,150.00,0.96,1.30,10.40,0.27,27.55,37.05,6.68
" Tuesday, 07 December 2021",13.80,423.50,300.00,18.40,126.00,35.00,10.85,24.30,57.00,45.15,3.99,21.00,41.00,4.12,23.15,87.00,128.75,11.80,4.17,3.83,3.99,5.60,18.00,3.00,4.22,14.45,14.00,0.22,5.55,33.55,30.50,1.19,7.00,4.23,1.74,24.05,6.30,7.00,2.18,306.00,2.23,7.24,11.55,14.90,0.37,"1,500.00",1.97,1.25,8.50,71.00,421.50,10.80,150.00,1.02,1.35,10.40,0.27,27.65,36.50,6.16
" Wednesday, 08 December 2021",13.80,423.50,300.00,18.40,126.00,35.00,10.95,26.35,56.50,46.95,3.99,21.00,42.75,4.12,23.50,87.25,127.50,11.95,4.17,3.83,3.95,5.94,17.70,2.70,4.11,13.55,14.00,0.22,5.55,33.90,30.50,1.25,7.00,4.29,1.80,24.50,6.30,6.80,2.13,336.00,2.29,7.00,11.50,14.30,0.39,"1,500.00",1.99,1.34,8.58,72.00,421.50,10.80,150.50,1.02,1.35,10.40,0.27,27.65,36.60,6.20
" Thursday, 09 December 2021",13.80,423.50,300.00,18.85,126.00,31.50,10.95,26.35,58.00,47.05,4.00,20.95,43.15,4.12,23.95,87.00,124.00,12.00,4.17,3.83,3.98,5.98,17.90,2.70,4.14,14.90,15.40,0.22,5.55,33.80,31.10,1.21,7.00,4.28,1.76,24.50,6.30,6.96,2.15,336.00,2.27,6.90,11.50,14.80,0.39,"1,500.00",1.99,1.28,8.52,72.00,430.00,10.80,149.50,1.02,1.35,10.40,0.27,27.65,36.95,6.40
" Friday, 10 December 2021",13.95,423.50,300.00,20.60,126.00,34.00,11.05,26.35,56.00,47.50,3.97,20.95,43.25,4.12,24.05,92.25,127.00,12.20,4.17,3.83,4.00,6.04,18.90,2.75,4.04,14.90,15.40,0.23,5.55,35.15,31.10,1.24,6.48,4.49,1.74,24.00,6.30,6.98,2.16,336.00,2.29,7.16,11.50,14.45,0.39,"1,500.00",1.99,1.28,8.44,72.00,430.00,10.80,149.00,1.02,1.35,10.40,0.27,27.65,37.80,6.52
" Tuesday, 14 December 2021",13.60,423.50,300.00,20.60,126.00,34.00,11.20,26.35,56.00,48.65,4.00,20.95,43.20,4.12,24.50,92.25,127.00,12.30,4.17,3.83,4.00,6.14,18.60,2.69,3.98,13.60,15.05,0.23,5.55,34.95,31.10,1.22,7.00,4.55,1.73,24.00,6.90,7.18,2.13,330.00,2.29,7.32,11.50,14.60,0.39,"1,500.00",1.95,1.30,8.50,72.00,427.50,10.80,149.00,1.04,1.35,10.40,0.27,27.65,37.75,6.62
" Wednesday, 15 December 2021",13.60,385.00,300.00,22.40,126.00,34.00,11.05,26.35,56.00,48.95,3.96,20.65,43.75,4.12,24.95,92.25,127.00,12.30,4.17,3.83,3.98,6.16,18.75,2.69,4.00,13.65,15.40,0.23,5.55,35.00,31.10,1.25,6.52,4.51,1.70,24.05,6.90,7.24,2.11,330.00,2.35,7.32,11.55,14.75,0.38,"1,500.00",1.80,1.30,8.58,72.00,429.00,10.70,149.00,1.03,1.35,10.40,0.27,27.65,37.70,6.60
" Thursday, 16 December 2021",13.60,385.00,300.00,20.55,126.00,34.00,11.00,26.35,57.00,49.35,3.81,20.35,44.00,4.12,25.05,92.25,126.75,12.30,4.15,3.83,3.95,6.00,18.15,2.69,3.96,14.95,15.40,0.23,5.55,35.00,31.10,1.28,6.06,4.48,1.70,23.15,6.90,7.02,2.12,329.75,2.32,7.04,11.55,14.60,0.39,"1,500.00",1.95,1.30,8.50,72.00,429.00,10.80,150.00,1.04,1.35,10.40,0.27,27.65,37.75,6.62
" Friday, 17 December 2021",13.60,385.00,300.00,20.30,126.00,34.00,11.20,26.40,57.00,48.65,3.74,20.80,44.10,4.12,25.05,92.50,126.50,12.30,4.15,3.83,4.00,6.48,18.50,2.80,3.91,14.50,15.40,0.23,5.55,35.05,31.50,1.28,6.06,4.13,1.73,23.20,6.90,7.10,2.14,329.75,2.22,7.24,11.50,14.45,0.39,"1,500.00",1.98,1.30,8.50,72.00,435.00,10.80,148.25,1.02,1.35,10.40,0.27,27.65,37.95,6.62
" Monday, 20 December 2021",12.85,385.00,305.00,20.30,138.50,34.00,11.10,26.65,57.25,48.75,3.96,20.95,44.50,4.12,25.00,94.00,127.50,12.20,4.15,3.83,4.00,6.34,18.95,2.77,4.00,14.95,15.40,0.23,5.55,34.65,30.50,1.21,6.06,4.27,1.70,23.50,6.90,7.06,2.11,329.75,2.32,7.24,11.55,14.40,0.40,"1,500.00",2.00,1.30,8.46,72.00,435.00,10.80,151.00,1.01,1.35,10.40,0.27,27.65,38.00,6.66
" Tuesday, 21 December 2021",12.85,385.00,335.00,21.95,129.00,33.90,11.20,27.40,57.00,49.00,3.69,21.15,44.65,4.12,25.05,92.00,127.00,12.45,4.15,3.83,3.95,6.22,20.00,2.73,4.00,14.95,15.40,0.23,5.55,34.10,30.50,1.29,6.06,4.28,1.70,24.10,6.90,6.74,2.07,328.50,2.30,7.00,11.55,14.50,0.39,"1,500.00",1.92,1.25,8.32,72.00,435.00,10.80,161.75,1.04,1.35,10.40,0.27,27.65,38.05,6.60
" Wednesday, 22 December 2021",12.85,385.00,335.00,21.85,138.50,33.90,11.20,28.65,57.25,49.15,3.85,21.25,44.75,4.12,25.50,92.00,127.00,12.50,3.85,3.83,3.99,6.22,18.05,2.54,4.00,14.95,15.40,0.23,5.55,34.25,30.50,1.26,6.06,4.28,1.73,23.95,7.00,7.04,2.12,310.25,2.32,7.24,11.55,14.20,0.37,"1,500.00",2.00,1.30,8.32,72.00,436.00,10.65,164.50,1.01,1.35,10.40,0.27,27.65,38.65,6.56
" Friday, 24 December 2021",13.80,385.00,320.00,21.90,130.25,33.90,11.55,28.00,59.50,48.50,3.90,21.50,45.20,4.12,25.75,92.00,128.00,12.45,3.85,3.83,3.96,5.36,19.95,2.78,4.05,14.95,15.25,0.23,5.55,36.60,30.50,1.22,6.06,4.24,1.74,24.95,7.00,7.04,2.20,310.25,2.29,7.04,11.55,14.10,0.40,"1,500.00",1.78,1.30,8.42,70.50,440.00,11.00,168.00,0.99,1.35,10.40,0.27,27.65,40.00,6.48
" Tuesday, 28 December 2021",13.50,385.00,320.00,21.90,130.00,33.95,11.60,28.95,60.00,49.60,3.91,21.50,44.95,4.12,25.45,86.75,128.00,12.70,4.04,3.83,4.00,5.08,18.15,2.68,4.11,13.55,15.00,0.23,5.55,36.05,31.95,1.21,6.06,4.15,1.73,25.20,7.00,7.48,2.20,316.75,2.25,7.18,11.55,14.20,0.39,"1,500.00",1.81,1.19,8.38,70.00,435.00,11.00,168.00,0.95,1.35,10.40,0.27,27.65,39.35,6.50
" Wednesday, 29 December 2021",13.50,385.00,320.00,20.75,130.00,31.00,11.80,28.50,60.00,50.00,3.88,21.40,45.00,4.12,25.30,86.75,128.00,12.90,4.10,3.83,4.00,5.56,18.35,2.78,4.00,13.55,15.25,0.23,5.55,37.15,31.95,1.20,6.06,4.19,1.74,25.70,6.74,7.68,2.18,316.75,2.29,7.40,11.55,14.20,0.37,"1,500.00",1.97,1.17,8.30,70.00,441.50,10.90,167.75,0.98,1.35,10.40,0.27,27.65,38.75,6.52
" Thursday, 30 December 2021",13.50,385.00,320.00,18.70,130.00,33.95,11.70,29.00,59.50,51.00,3.93,21.40,45.15,4.12,26.00,88.00,128.00,12.90,4.10,3.83,4.00,5.78,18.15,2.78,4.11,13.55,15.25,0.23,5.55,37.65,31.95,1.23,6.06,4.10,1.74,25.70,6.74,7.66,2.29,316.75,2.24,7.40,11.55,14.20,0.39,"1,500.00",1.99,1.17,8.26,70.00,441.50,11.00,165.25,0.98,1.33,10.40,0.27,27.65,37.65,6.26
" Friday, 31 December 2021",13.50,385.00,320.00,18.70,130.00,33.95,11.85,29.00,59.50,52.75,3.90,21.10,45.45,4.12,25.20,87.25,128.25,12.95,4.10,3.83,4.00,6.06,18.45,2.86,4.14,13.55,15.25,0.24,5.55,38.00,30.50,1.20,6.66,4.19,1.75,25.00,6.74,7.50,2.21,316.75,2.30,7.00,11.55,14.10,0.40,"1,500.00",2.00,1.17,8.00,70.00,441.50,11.00,165.00,0.98,1.26,10.40,0.27,27.65,37.95,6.26
" Monday, 03 January 2022",13.50,385.00,320.00,18.70,132.00,33.95,11.75,29.00,59.50,52.75,3.80,21.40,45.55,4.12,25.45,87.00,130.00,13.00,4.10,3.83,3.97,5.68,19.75,2.85,4.10,13.55,15.25,0.23,5.55,38.20,30.50,1.23,6.50,4.19,1.74,24.50,6.74,7.56,2.17,316.75,2.29,7.06,11.55,14.65,0.40,"1,500.00",1.90,1.20,8.00,70.00,440.00,10.90,165.50,1.05,1.25,10.40,0.27,27.65,38.15,6.42
" Tuesday, 04 January 2022",12.85,385.00,320.00,18.70,132.00,33.95,11.80,27.00,59.75,53.25,3.90,21.45,45.05,4.12,25.45,87.00,130.25,12.95,4.10,3.83,3.99,5.14,20.00,2.80,4.10,13.55,15.25,0.22,5.55,37.75,30.50,1.22,6.50,4.15,1.74,24.80,6.74,7.58,2.17,316.75,2.30,7.06,11.55,14.80,0.37,"1,500.00",1.96,1.32,8.00,70.00,440.00,10.80,165.00,1.00,1.25,10.40,0.27,27.65,39.05,6.32
" Wednesday, 05 January 2022",12.85,420.00,320.00,19.95,130.75,30.60,11.75,29.50,59.75,53.00,3.81,21.45,45.50,4.12,25.55,87.00,130.00,13.00,4.10,3.83,4.00,5.06,19.40,2.80,4.16,13.55,15.25,0.23,5.55,37.95,30.50,1.22,6.90,4.16,1.71,24.70,6.74,7.50,2.10,316.75,2.30,7.04,11.55,14.60,0.39,"1,500.00",1.97,1.29,8.12,70.00,442.00,10.90,163.75,0.99,1.26,10.40,0.27,27.65,39.55,6.02
" Thursday, 06 January 2022",13.80,420.00,320.00,20.25,130.75,33.70,11.80,29.30,60.00,53.00,3.89,21.45,45.90,4.12,25.90,87.00,130.75,13.00,4.10,3.83,4.00,4.89,19.90,2.80,4.12,14.90,15.25,0.23,5.55,37.85,30.75,1.27,7.02,4.13,1.72,24.55,6.74,7.52,2.15,310.50,2.29,7.04,11.55,14.50,0.38,"1,500.00",1.97,1.32,8.20,72.00,442.00,10.90,160.75,0.99,1.29,10.40,0.27,27.65,40.00,6.40
" Friday, 07 January 2022",13.80,420.00,320.00,21.25,132.00,37.05,11.80,29.05,60.00,53.00,3.81,21.40,46.00,4.12,25.95,87.00,130.50,12.95,3.90,3.83,3.99,4.94,19.45,2.78,4.18,14.90,15.25,0.23,5.55,38.00,30.50,1.21,7.00,4.12,1.72,24.60,6.74,7.52,2.13,310.00,2.30,7.04,11.55,14.40,0.40,"1,500.00",1.88,1.36,8.16,73.00,442.00,10.90,164.75,0.94,1.30,10.40,0.27,27.65,39.90,6.38
" Tuesday, 11 January 2022",13.80,385.00,320.00,20.55,134.75,44.75,11.90,30.75,59.50,52.00,3.81,21.50,45.85,4.12,25.95,87.50,130.00,12.80,3.50,3.83,4.00,5.30,19.00,2.82,4.14,15.50,15.00,0.21,5.55,37.75,30.50,1.20,7.20,4.13,1.71,24.20,6.74,7.14,2.17,310.00,2.32,7.00,10.60,14.35,0.40,"1,500.00",1.84,1.36,8.26,73.00,445.00,10.85,161.00,0.88,1.31,10.40,0.27,27.65,38.45,6.56
" Thursday, 13 January 2022",12.90,385.00,320.00,22.20,130.00,54.00,11.80,30.00,59.00,49.55,3.64,21.00,45.25,4.12,25.70,88.50,129.50,12.55,3.37,3.83,3.98,5.12,18.55,2.75,4.10,14.10,15.00,0.23,5.55,38.05,30.75,1.19,7.02,4.15,1.67,24.80,6.72,7.26,2.17,310.00,2.27,7.00,10.50,14.65,0.38,"1,500.00",1.80,1.36,8.36,72.50,440.00,10.80,151.50,0.96,1.34,10.40,0.27,27.10,37.95,6.52
